md5	file
e257fae75dff38f731708fe242caf8f6	input/protein_pairwise/FL_vs_FH.result.xlsx
531f89b6a0e383ca85e6d7ebf4056504	input/protein_pairwise/FL_vs_FM.result.xlsx
e6413bbec851e83cf194c30a911d7fad	input/protein_pairwise/FM_vs_FH.result.xlsx
c6914cf287eecbf1c1bca3bb81957a89	input/protein_pairwise/ML_vs_MH.result.xlsx
3e1dca79f9ac68ad8e4473b18e11e0c9	input/protein_pairwise/ML_vs_MM.result.xlsx
aab069e3c3b016c19ee9a387215e2366	input/protein_pairwise/MM_vs_MH.result.xlsx
5e69b6d086779bc18e66f80fa9411997	input/metabolite/heart_data_unfiltered.xlsx
1448cee0d05ebc35c3c4948a289952a1	input/metabolite/serum_data_unfiltered.xlsx
fdf898e17c31f58fd19e0c6a7f93d34a	input/metabolite/urine_data_unfiltered.xlsx
