"sha256"	"file"
"4a39d9e0f35534ae66d442ce446fb24926cf31d78b6fbe1694d4e237df731616"	"文章用代码说明.txt"
"b513f8bc6c39e80710199b1881bbee394731221cb55d94a6030ce52c8f6945b1"	"CODEBOOK.md"
"c997f637cca244ef8fc18e88d208fda2d5a8a92d2f1bad2de46a7f5d533bf5fd"	"config/config.R"
"695d89ec80a0340d69674df1ab4f1cc9c6f7d0e18993fbd7eb48c87f6436f3cf"	"config/package_versions_target.tsv"
"7cc8a9dd2e83d71505bf8d4012abf9bee5b8404d95d8527e4324c65bf79e8733"	"config/panel_manifest_expected.csv"
"d109bf8ac64191ae4826b12d038661e5f49efd56194cd20bae8d4cdfa3969b43"	"INPUT_MD5SUMS.tsv"
"2bfdf6bb17fde1cca990156de85ff3d342737b68aa5c16a2d204cda8adb9bed1"	"input/metabolite/heart_data_unfiltered.xlsx"
"bfb685a187f3e174d552bd16b6bb9b2079a70b6f6bbdbf5c4caf6155bfed42a7"	"input/metabolite/serum_data_unfiltered.xlsx"
"2fb7fe38c95685b2397234a22fb9bc1fbcbf8e7fd6e7a1aa2143c241167bbb98"	"input/metabolite/urine_data_unfiltered.xlsx"
"ddb3d86fc96b8a3fbeb27cf29281dd43897482b30948ea80435c95ab5323f0f7"	"input/protein_pairwise/FL_vs_FH.result.xlsx"
"bf11363bc0a3c580f754c4de9a0199c0c16887505f4b0186b539598c03375a96"	"input/protein_pairwise/FL_vs_FM.result.xlsx"
"c7caf0311e15128848ffdb36dd56738848fd99dcfefb32e9820c327d21924c93"	"input/protein_pairwise/FM_vs_FH.result.xlsx"
"7a91240ae9201ab7f83413b2024d0538d1b6c5c2cd15b406c44d85ce71ccff3d"	"input/protein_pairwise/ML_vs_MH.result.xlsx"
"40d10e3954629feda6c605e21a9ea79f17e0856eabbb712521836abc98caeb97"	"input/protein_pairwise/ML_vs_MM.result.xlsx"
"5083bbd411fda1f0f09ff4e9b5bde93d9a066214494a9d89caae241c897afdf1"	"input/protein_pairwise/MM_vs_MH.result.xlsx"
"ecafaf0cf3b51dbbc06255a6d155898ab2093402b368483e50a8b703fe959e32"	"input/README_inputs.md"
"b99fe981075c4e67a8feb05eed9d0a39051828e8d6f3c8c87f9b9c21d861d474"	"install_packages.R"
"6edc8961ff0fdce817b34633d579160df79829791fab2911e9eaab2336ba797b"	"outputs/enrichment/mapping_cache/KEGG_cache_metadata.tsv"
"1cde8a83e9e80ab401f4e22c0e83dc78b61f1bbc96f929b1e76d2c084c7a731a"	"outputs/enrichment/mapping_cache/KEGG_compound_pathway.tsv"
"c49057da7ab984d4c9c6e1208eb1e33e51c9bf5e659b15ffb6250966f476cb82"	"outputs/enrichment/mapping_cache/KEGG_mmu_gene_pathway.tsv"
"64464fe784f7a8c1b55a4d7e167c7e40f2966f25e3161f1acae0a0f2f721ba4e"	"outputs/enrichment/mapping_cache/KEGG_pathway_names.tsv"
"20295d5e827a09865d8420252a79a73b4ce23e4fbf998dcbd245458dd666452e"	"R/00_utils.R"
"0a544206c75eaf32da6af82691bbad1050093ddf45e5080b2d012fb68f79dbbf"	"R/01_import_validate.R"
"acdf4785b7bc55f948b26b11a489da9abfa0bb1cfd88c574b548cad25571193d"	"R/02_preprocess.R"
"91e86160fadff8fa688ea50fb9f2ae886ac39594fd85de04adf58675e98e1b0c"	"R/03_limma_pairwise.R"
"6c9a63e56b4176fdd55f48b3f1cfcec72df4801b52b3ad021248b756c45b4a7c"	"R/04_intersections_upset.R"
"236d6afe2915e1b33a05d4049d57e3e34490d8e4b0f86a3a8f6d2851337d11d8"	"R/05_plots_28_panels.R"
"84fd9fb85be762e07598d410af203beda5ca1c9cb36e190b28ecb89f8f941314"	"R/06_enrichment.R"
"cfe530ccaba7c0df0c2e820a8dd5f74077450e8cafd9799c8cecdb8b497444dd"	"R/07_network.R"
"50aa4a3b743b0c0495a54ec6e2b1bc2aad010a7378307cd0c95a9c2b13f8ffa6"	"R/08_export_excel.R"
"2a905ffa513b0976da53e5e4d0ced8fd7d5a33f0b827eb3d7dd24c7eca75c45c"	"R/09_validation.R"
"005ee1ba21f215cabf692d0832113cb5275849724e2f9372a452664eb84c4c67"	"README_CN.md"
"1c75c06fecc4c0bb1753f485ac9bff36ba82a8d1d391025f429b1dca6423cecf"	"run_all.R"
"415a87a12a5979319c5b46af948b1c89a8a1b0e6d0ac72755f5f51f94f97c4e9"	"sessionInfo_expected.txt"
"f975f26cee7766cf04fee919ea928161989fcfba26a7caaaca65be24f51d162d"	"tests/test_empty_membership.R"
"0a997311f6d2d1a113f4cf032f32477f742abb2a392d05d8a5aae170469b576d"	"tests/test_import_filenames.R"
"575a8c75c86ca19c7b4c14ae3eea5bed2e52c21e6b4d939a12a02db2c8c61885"	"validate_setup.R"
"8496141035abfd343e83b913075f147a221540b4811e85eaa86eef79846807ba"	"validation/package_versions_actual.csv"
"e94cd31093355675b1c24366a491a1aaceb140a6279c33a6086097a2e937a63f"	"validation/README.md"
"2f89fa5150205a5e38858d17cf8a776a759cdaa566f867d455ac407cc35a2ffa"	"validation/runtime_version_verification.csv"
"1178c054ffc3d9df408a05b9d43ea422b46f2619346c84bd779969a054e8ea02"	"validation/sessionInfo.txt"
"ee9404341828621fb2a9e24dddc66ed4099531f61b08175f9175d942a122e408"	"vendor/limma_3.62.1.tar.gz"
"392ecd41572ed22bfc0b77f94ff20b07c9ef722e34c69fb34dcf3f3cccc1a2d8"	"vendor/README.md"
